<?xml version="1.0" encoding="utf-8" standalone="yes"?>
<rss version="2.0" xmlns:atom="http://www.w3.org/2005/Atom">
  <channel>
    <title>Chris Jolly | Radio | Voiceover | Podcast</title>
    <link>https://chrisjolly.au/</link>
    <description>Recent content on Chris Jolly | Radio | Voiceover | Podcast</description>
    <generator>Hugo</generator>
    <language>en</language>
    <atom:link href="https://chrisjolly.au/index.xml" rel="self" type="application/rss+xml" />
    <item>
      <title>Link styles</title>
      <link>https://chrisjolly.au/styles/</link>
      <pubDate>Mon, 01 Jan 0001 00:00:00 +0000</pubDate>
      <guid>https://chrisjolly.au/styles/</guid>
      <description>&lt;p&gt;These are all the built-in link styles available in Lynx. Don&amp;rsquo;t forget that you can also create your own styles &amp;mdash; check the &lt;a href=&#34;https://github.com/jpanther/lynx/blob/stable/README.md&#34;&gt;readme&lt;/a&gt; for more details.&lt;br&gt;&#xA;&lt;!-- raw HTML omitted --&gt;&lt;!-- raw HTML omitted --&gt;&lt;/p&gt;&#xA;&lt;!-- raw HTML omitted --&gt;</description>
    </item>
  </channel>
</rss>
